{
  "type": "R",
  "a3":  0.00000e+00,
  "a2": -1.20148e-08,
  "a1":  1.86632e-05,
  "a0":  0.00000e+00
}
